EmployeeID,Name,Age,Gender,Department,Salary,JoinDate
1,Employee_1,50,Male,HR,136416,2016-09-30
2,Employee_2,36,Male,IT,120271,2018-02-15
3,Employee_3,29,Male,Marketing,94064,2010-03-25
4,Employee_4,42,Male,Marketing,120091,2012-08-29
5,Employee_5,40,Female,IT,90818,2018-04-24
6,Employee_6,44,Male,Finance,95525,2020-09-08
7,Employee_7,32,Male,HR,69830,2013-08-04
8,Employee_8,32,Male,Sales,67429,2014-12-11
9,Employee_9,45,Female,HR,56893,2020-09-06
10,Employee_10,57,Male,HR,129909,2012-11-28
11,Employee_11,45,Male,Finance,97333,2015-08-13
12,Employee_12,24,Female,HR,53436,2011-05-04
13,Employee_13,43,Male,IT,124290,2020-05-22
14,Employee_14,23,Male,IT,126213,2016-04-01
15,Employee_15,45,Male,Marketing,55895,2011-04-07
16,Employee_16,51,Male,Sales,69738,2014-01-20
17,Employee_17,59,Male,HR,80746,2012-04-14
18,Employee_18,23,Female,HR,99377,2015-02-10
19,Employee_19,42,Female,Finance,98404,2017-12-24
20,Employee_20,54,Female,IT,104045,2014-09-03
21,Employee_21,33,Male,Sales,147888,2015-05-23
22,Employee_22,43,Male,Marketing,89790,2015-12-12
23,Employee_23,46,Male,IT,55600,2019-03-04
24,Employee_24,48,Female,Marketing,144660,2013-12-29
25,Employee_25,49,Male,Finance,143179,2018-12-04
26,Employee_26,37,Male,Finance,90764,2016-11-21
27,Employee_27,36,Female,HR,124543,2017-11-10
28,Employee_28,24,Male,Sales,95714,2016-09-27
29,Employee_29,58,Female,Marketing,106835,2015-09-01
30,Employee_30,28,Female,IT,123744,2018-01-28
31,Employee_31,42,Female,Finance,106491,2013-10-26
32,Employee_32,30,Male,HR,68589,2012-10-09
33,Employee_33,39,Male,HR,93484,2012-01-19
34,Employee_34,25,Male,Marketing,132989,2010-11-06
35,Employee_35,46,Male,Finance,86212,2019-11-09
36,Employee_36,35,Male,Sales,93525,2011-05-29
37,Employee_37,30,Male,Finance,97202,2020-01-24
38,Employee_38,47,Male,Marketing,82635,2019-02-10
39,Employee_39,23,Female,Marketing,113208,2013-09-05
40,Employee_40,41,Male,Finance,83828,2012-04-25
41,Employee_41,49,Female,Marketing,68711,2015-02-22
42,Employee_42,28,Male,Finance,53420,2014-09-06
43,Employee_43,29,Male,IT,146752,2017-09-11
44,Employee_44,56,Male,Finance,50301,2013-09-22
45,Employee_45,35,Female,Finance,95236,2017-04-04
46,Employee_46,38,Female,Marketing,116235,2013-05-23
47,Employee_47,57,Female,Marketing,104240,2018-10-02
48,Employee_48,25,Female,HR,115726,2017-10-20
49,Employee_49,23,Male,HR,60492,2010-11-14
50,Employee_50,27,Female,IT,56102,2018-09-10
51,Employee_51,25,Male,HR,100336,2014-05-20
52,Employee_52,50,Male,Finance,135314,2012-11-04
53,Employee_53,39,Female,Marketing,76641,2018-08-31
54,Employee_54,47,Female,HR,84584,2020-05-26
55,Employee_55,55,Female,HR,82745,2018-07-03
56,Employee_56,31,Female,IT,73093,2020-07-26
57,Employee_57,57,Female,IT,116105,2014-11-11
58,Employee_58,35,Female,Finance,101885,2014-10-16
59,Employee_59,52,Female,Marketing,86631,2016-03-10
60,Employee_60,36,Female,IT,122991,2012-11-03
61,Employee_61,29,Male,HR,54014,2017-01-02
62,Employee_62,35,Female,Marketing,61093,2013-07-20
63,Employee_63,44,Female,Marketing,68070,2013-09-26
64,Employee_64,42,Male,HR,85777,2017-07-04
65,Employee_65,37,Female,IT,106958,2018-12-28
66,Employee_66,39,Male,HR,132074,2010-03-14
67,Employee_67,45,Male,Marketing,60729,2015-12-01
68,Employee_68,47,Female,Sales,149713,2014-11-13
69,Employee_69,46,Male,Sales,95017,2010-11-01
70,Employee_70,50,Male,Finance,116320,2012-03-06
71,Employee_71,36,Male,HR,77751,2016-03-12
72,Employee_72,22,Male,HR,128069,2016-09-25
73,Employee_73,46,Female,Finance,104748,2016-01-08
74,Employee_74,28,Male,Finance,55801,2017-01-06
75,Employee_75,30,Female,Finance,69190,2018-12-17
76,Employee_76,45,Male,Marketing,99689,2011-01-23
77,Employee_77,22,Male,HR,100993,2020-02-24
78,Employee_78,29,Male,Marketing,79592,2019-05-29
79,Employee_79,45,Male,Finance,60647,2013-09-10
80,Employee_80,32,Female,HR,58716,2012-07-03
81,Employee_81,38,Female,Marketing,138891,2015-04-09
82,Employee_82,29,Male,Marketing,137545,2015-10-18
83,Employee_83,56,Male,Finance,139912,2015-12-02
84,Employee_84,56,Female,HR,120316,2011-10-16
85,Employee_85,54,Male,Finance,52368,2016-12-02
86,Employee_86,26,Male,HR,127575,2011-11-11
87,Employee_87,49,Male,Sales,56655,2018-10-20
88,Employee_88,28,Female,IT,120031,2012-01-26
89,Employee_89,30,Female,IT,126429,2015-04-24
90,Employee_90,29,Female,IT,141083,2012-12-17
91,Employee_91,33,Male,Finance,137922,2014-08-10
92,Employee_92,55,Male,Sales,105766,2013-11-16
93,Employee_93,54,Female,HR,63403,2018-04-05
94,Employee_94,44,Female,Marketing,82097,2014-07-07
95,Employee_95,45,Female,HR,128657,2014-05-25
96,Employee_96,58,Female,Marketing,60966,2012-07-09
97,Employee_97,56,Male,HR,149157,2012-04-17
98,Employee_98,43,Female,Sales,143848,2017-09-07
99,Employee_99,48,Male,Marketing,102921,2015-05-31
100,Employee_100,56,Female,Finance,99726,2017-01-05
